positionId,Current Amount,Last amount recorded at,warehouse,product,position_created_at
1,40.12,1673186578,W-5,P-2,1673385417
2,43.58,1672999752,W-10,P-15,1673226446
3,91.4,1672693334,W-6,P-3,1672815390
4,64.39,1673501859,W-10,P-15,1673036028
5,6.7,1673102871,W-4,P-18,1673305914
6,36.14,1672919193,W-1,P-4,1672812144
7,86.6,1673015455,W-2,P-16,1673408056
8,7.18,1672835390,W-8,P-8,1673369344
9,25.22,1673035456,W-3,P-2,1673078025
10,25.17,1672708193,W-10,P-4,1673301983
11,53.91,1673233975,W-4,P-7,1673438359
12,65.39,1672691087,W-8,P-3,1673299154
13,60.86,1673261894,W-1,P-8,1673432036
14,98.87,1673327262,W-7,P-17,1672603852
15,36.99,1672910221,W-2,P-10,1673109690
16,16.58,1673130006,W-8,P-20,1672773862
17,41.56,1673239329,W-4,P-6,1672938147
18,35.51,1672939696,W-8,P-14,1672861717
19,29.16,1672586561,W-7,P-2,1673019361
20,21.72,1673306312,W-10,P-4,1673441066
21,82.59,1672808881,W-6,P-6,1673084411
22,45.7,1672842787,W-9,P-7,1672807279
23,6.78,1672977841,W-8,P-18,1673408118
24,39.42,1672562372,W-4,P-1,1673451906
25,6.6,1673034887,W-5,P-11,1673192222
26,44.27,1673243563,W-2,P-3,1673483370
27,47.55,1673282895,W-5,P-7,1672770921
28,16.89,1673053131,W-10,P-1,1673133012
29,99.98,1673475900,W-4,P-18,1672947807
30,47.61,1673175128,W-2,P-10,1673355751
31,54.61,1673062889,W-2,P-7,1673241521
32,24.33,1672561042,W-8,P-13,1673016436
33,20.79,1673504506,W-5,P-2,1673231723
34,91.24,1672954807,W-7,P-13,1672862522
35,72.03,1672846098,W-10,P-12,1672692476
36,99.0,1672607765,W-9,P-8,1673184522
37,1.3,1673122050,W-3,P-1,1673320427
38,90.81,1673127404,W-5,P-8,1673286375
39,15.33,1673331328,W-8,P-17,1673418574
40,70.76,1673302385,W-4,P-15,1672622329
41,51.96,1673112780,W-6,P-18,1672695986
42,66.28,1672658385,W-10,P-1,1673524983
43,28.81,1673503590,W-7,P-16,1673350986
44,23.1,1673027200,W-7,P-10,1673051053
45,95.48,1672839445,W-6,P-10,1672693916
46,82.6,1672975630,W-10,P-8,1673322986
47,40.11,1673418158,W-2,P-18,1673298299
48,30.87,1673504061,W-2,P-6,1673400516
49,63.86,1673486947,W-3,P-5,1672682676
50,67.79,1673206987,W-5,P-11,1673217240
51,17.82,1673356982,W-9,P-2,1672562124
52,55.22,1673213377,W-2,P-9,1673218405
53,55.96,1673224275,W-9,P-20,1672646133
54,62.55,1672959910,W-9,P-4,1673310070
55,77.52,1672638568,W-7,P-4,1672951260
56,71.68,1673391631,W-9,P-13,1673164995
57,85.07,1673383969,W-5,P-6,1673038405
58,7.09,1673418712,W-4,P-7,1673403644
59,77.86,1672680520,W-8,P-7,1673303626
60,91.68,1673144607,W-6,P-5,1673291276
61,48.85,1672782651,W-5,P-4,1672919431
62,45.24,1673304504,W-4,P-19,1672693759
63,14.05,1672963720,W-8,P-19,1673149794
64,96.62,1673276197,W-3,P-3,1672936086
65,38.73,1673236847,W-10,P-2,1673213384
66,13.4,1673000815,W-2,P-4,1672706217
67,30.05,1672630429,W-2,P-12,1672984880
68,86.07,1673290442,W-2,P-9,1672763554
69,10.52,1673531493,W-9,P-1,1673165873
70,92.38,1672957176,W-1,P-4,1672723309
71,63.65,1673312548,W-9,P-14,1673324906
72,50.96,1672612519,W-5,P-8,1673323539
73,79.63,1672790377,W-8,P-13,1673359306
74,41.59,1672563526,W-8,P-13,1672925669
75,9.59,1672928866,W-2,P-9,1672938818
76,86.47,1673519209,W-9,P-9,1673293394
77,50.42,1673516759,W-2,P-4,1672892570
78,2.22,1672782566,W-6,P-11,1673246103
79,10.47,1672778743,W-6,P-11,1673354167
80,12.28,1672776675,W-10,P-10,1673402508
81,78.0,1673390007,W-8,P-6,1673153035
82,35.55,1672967238,W-10,P-9,1672576827
83,2.37,1673402178,W-1,P-11,1672795448
84,32.6,1673091041,W-8,P-11,1673364498
85,5.75,1673340618,W-3,P-16,1672737764
86,52.25,1673148102,W-10,P-11,1672574995
87,9.79,1672989525,W-5,P-7,1673166341
88,98.02,1672917905,W-8,P-4,1672888101
89,30.89,1673106217,W-8,P-2,1672634064
90,10.72,1672608879,W-5,P-3,1672904625
91,48.69,1673490451,W-4,P-14,1673115842
92,48.76,1673344348,W-9,P-11,1673033665
93,61.5,1672597584,W-6,P-9,1673246649
94,42.18,1673080940,W-9,P-8,1673240743
95,47.83,1673172691,W-10,P-15,1673218134
96,23.38,1672899332,W-4,P-13,1672707700
97,84.44,1672699347,W-1,P-18,1673093144
98,13.64,1672567888,W-7,P-14,1672657523
99,11.82,1672709308,W-1,P-6,1673271641
100,21.63,1673177743,W-7,P-10,1672895610
101,86.44,1673533906,W-6,P-18,1673503395
102,92.85,1672977020,W-8,P-4,1672649232
103,42.85,1672657111,W-6,P-15,1673488890
104,1.23,1672950168,W-3,P-5,1673398320
105,2.34,1672671252,W-6,P-4,1673239946
106,36.03,1672652756,W-6,P-1,1672864530
107,87.64,1672717192,W-6,P-5,1672687880
108,60.42,1673077793,W-5,P-14,1673013370
109,85.04,1673488344,W-3,P-18,1672981847
110,57.77,1673441060,W-6,P-15,1672763328
111,81.65,1673518008,W-10,P-7,1673459902
112,11.39,1672607697,W-7,P-16,1673494510
113,88.98,1673518544,W-9,P-8,1673297331
114,32.84,1672781081,W-6,P-10,1673171710
115,5.22,1673098307,W-8,P-20,1672534958
116,1.25,1673076509,W-8,P-9,1672543544
117,88.85,1672873720,W-5,P-3,1673450070
118,86.83,1673492577,W-10,P-5,1673499161
119,39.7,1672605302,W-8,P-7,1673317990
120,95.65,1673285118,W-3,P-16,1672951140
121,68.33,1672551940,W-7,P-19,1673405566
122,84.94,1673056274,W-8,P-8,1673120840
123,36.96,1672622062,W-1,P-8,1672581175
124,4.18,1673524525,W-1,P-7,1673059987
125,95.76,1673347112,W-9,P-3,1672756851
126,7.04,1672962359,W-4,P-6,1672651823
127,16.84,1672808780,W-4,P-19,1672897350
128,89.41,1673482234,W-6,P-9,1672938155
129,85.95,1673050751,W-3,P-19,1673217985
130,63.37,1673293489,W-9,P-13,1672986242
131,19.58,1673416217,W-4,P-3,1673075819
132,17.33,1673130247,W-6,P-16,1673143571
133,43.67,1673358599,W-4,P-13,1673020482
134,98.41,1673409580,W-5,P-19,1673404921
135,93.93,1673530129,W-1,P-3,1673325967
136,77.2,1673506839,W-1,P-6,1673058747
137,43.74,1672994144,W-1,P-1,1673448351
138,51.57,1673527691,W-7,P-14,1672952391
139,28.86,1673525524,W-9,P-15,1673188335
140,32.3,1673121881,W-3,P-7,1672539593
141,79.43,1673225372,W-8,P-12,1673389291
142,54.04,1672973869,W-1,P-18,1672771502
143,68.83,1672565016,W-8,P-6,1672577910
144,13.64,1672852254,W-1,P-13,1673091774
145,28.89,1673280940,W-9,P-2,1672899103
146,61.12,1672902738,W-4,P-15,1673131124
147,46.14,1672911215,W-7,P-13,1673107554
148,56.16,1672674911,W-3,P-1,1672653893
149,61.01,1673290483,W-5,P-8,1672743752
150,68.3,1672668427,W-9,P-15,1672709037
151,55.3,1673289549,W-8,P-11,1672694706
152,39.57,1672757283,W-1,P-14,1673330747
153,45.23,1672651310,W-2,P-5,1672547309
154,4.58,1673211071,W-7,P-5,1673305148
155,91.15,1672948852,W-8,P-1,1673233036
156,32.25,1673480873,W-1,P-1,1672788329
157,68.71,1672692292,W-5,P-9,1672954318
158,39.49,1673318749,W-4,P-16,1673482259
159,47.22,1672679027,W-9,P-16,1673369479
160,77.71,1672911947,W-3,P-10,1673296164
161,24.82,1672737349,W-1,P-18,1673134537
162,83.33,1672599439,W-2,P-16,1672551383
163,87.88,1673294586,W-1,P-3,1673159686
164,43.95,1672862134,W-2,P-11,1673438215
165,8.95,1672565763,W-3,P-4,1673285968
166,66.22,1672800653,W-4,P-20,1672595113
167,71.14,1672793761,W-8,P-4,1672873866
168,14.78,1672560221,W-9,P-19,1673200117
169,88.61,1673242279,W-9,P-7,1672897482
170,22.28,1673462758,W-8,P-7,1673376283
171,99.27,1672817909,W-10,P-7,1672875420
172,33.13,1672706578,W-10,P-19,1672982452
173,28.28,1672648642,W-2,P-9,1673259920
174,60.72,1672572735,W-4,P-7,1673048431
175,61.06,1672656279,W-8,P-13,1672731729
176,27.3,1672915791,W-3,P-5,1673453097
177,49.65,1672883520,W-1,P-1,1672739983
178,30.05,1672896956,W-3,P-9,1673112915
179,41.48,1672627437,W-3,P-4,1673444571
180,1.55,1673003757,W-3,P-5,1673019315
181,6.64,1673079778,W-2,P-20,1673424581
182,93.23,1673340377,W-6,P-2,1673087295
183,67.44,1672967427,W-10,P-2,1672717020
184,55.71,1673050169,W-1,P-1,1672857029
185,71.71,1672973200,W-2,P-3,1672860771
186,45.04,1673070275,W-1,P-20,1672902651
187,11.45,1673235233,W-1,P-12,1673264222
188,6.86,1673148083,W-5,P-15,1673524824
189,59.93,1672846545,W-4,P-16,1673430027
190,2.19,1673060912,W-9,P-14,1672599559
191,95.17,1673521991,W-4,P-13,1673306065
192,88.7,1672859994,W-6,P-6,1673021694
193,81.12,1673053626,W-1,P-12,1672807085
194,27.65,1673431779,W-1,P-1,1672653695
195,10.48,1673222423,W-1,P-9,1673337724
196,29.29,1673077868,W-8,P-17,1673478193
197,68.58,1672644967,W-7,P-20,1672883334
198,16.78,1673404248,W-9,P-9,1673397762
199,39.43,1673230562,W-8,P-4,1672537147
200,43.1,1673001661,W-1,P-17,1672980193
201,61.84,1673263196,W-4,P-12,1672866220
202,96.03,1673466445,W-3,P-15,1673261223
203,74.73,1673370685,W-6,P-11,1673309021
204,63.04,1673178728,W-6,P-14,1672991052
205,36.03,1672861187,W-4,P-17,1673191958
206,32.82,1672899763,W-9,P-7,1672735862
207,61.3,1673172422,W-3,P-5,1673309111
208,24.18,1673130485,W-8,P-10,1672563711
209,88.0,1672859510,W-9,P-6,1673029445
210,6.55,1672611152,W-6,P-11,1673054101
211,35.71,1672723887,W-7,P-16,1673335058
212,5.54,1672904519,W-1,P-20,1673364392
213,43.02,1672775628,W-8,P-11,1673477506
214,31.54,1673222741,W-6,P-5,1672857689
215,26.8,1672660822,W-6,P-13,1672962458
216,17.36,1672922924,W-9,P-16,1673261928
217,44.78,1673312631,W-7,P-10,1673161206
218,94.25,1672969003,W-9,P-18,1673465825
219,95.34,1673301429,W-5,P-15,1673099432
220,81.35,1672718916,W-4,P-1,1673133568
221,32.54,1673337954,W-7,P-18,1673467828
222,89.43,1673432983,W-6,P-18,1673080179
223,42.77,1673353555,W-4,P-14,1672898374
224,82.06,1672898216,W-10,P-19,1673096433
225,28.32,1672785015,W-8,P-18,1673080435
226,94.33,1673044358,W-6,P-17,1673320056
227,85.41,1673271627,W-7,P-20,1673455504
228,84.78,1672973409,W-9,P-5,1672541404
229,14.84,1673514873,W-5,P-15,1672721408
230,47.39,1673151893,W-6,P-8,1672672084
231,89.54,1672655511,W-1,P-1,1673110240
232,56.3,1673064264,W-6,P-5,1672581941
233,92.01,1673150865,W-3,P-9,1673237899
234,73.26,1673006872,W-6,P-10,1673058995
235,58.59,1673429972,W-2,P-17,1672723837
236,60.06,1673075171,W-6,P-20,1672563360
237,67.83,1673040875,W-1,P-1,1673369733
238,45.04,1673469801,W-3,P-14,1673380000
239,80.98,1673100634,W-3,P-18,1673005493
240,22.28,1673175199,W-4,P-6,1672792062
241,55.57,1672875028,W-9,P-14,1672990016
242,50.6,1673006968,W-8,P-5,1673055016
243,51.05,1672970904,W-10,P-14,1673227442
244,20.0,1672656717,W-1,P-3,1672587914
245,9.56,1673371451,W-5,P-14,1672542370
246,96.01,1673183128,W-8,P-4,1673266478
247,51.19,1673383193,W-10,P-10,1672555996
248,50.39,1672730968,W-4,P-1,1673170110
249,51.26,1673266841,W-4,P-1,1673206340
250,9.43,1672710713,W-9,P-4,1673366498
251,67.52,1673090595,W-10,P-4,1672582946
252,36.86,1673335198,W-10,P-2,1673482263
253,99.34,1672749262,W-1,P-17,1672703449
254,71.27,1673085363,W-7,P-2,1672998248
255,21.93,1673059178,W-8,P-11,1672642934
256,43.69,1672566031,W-3,P-8,1673517250
257,84.98,1673468025,W-9,P-16,1672713707
258,6.86,1672723563,W-5,P-15,1673198548
259,84.88,1673236465,W-8,P-1,1673281341
260,13.11,1672994288,W-4,P-16,1672855097
261,93.0,1672906614,W-2,P-12,1673234318
262,79.02,1673459050,W-10,P-11,1672850904
263,68.26,1672884477,W-8,P-10,1673314691
264,77.6,1672998787,W-1,P-6,1673081328
265,32.55,1672706947,W-2,P-19,1673150925
266,54.1,1673356571,W-8,P-10,1672880801
267,19.09,1672676243,W-1,P-14,1672635244
268,50.12,1672884329,W-4,P-19,1672964666
269,30.53,1673237795,W-4,P-7,1673516639
270,21.56,1673127137,W-7,P-2,1672710884
271,55.08,1673108052,W-9,P-17,1673041433
272,1.89,1672659086,W-8,P-4,1673020114
273,42.58,1673118130,W-4,P-10,1672999913
274,70.84,1673004593,W-1,P-4,1673071176
275,72.67,1673497233,W-10,P-19,1672636434
276,28.32,1672627820,W-9,P-5,1673297619
277,31.18,1673206844,W-8,P-9,1673308873
278,2.08,1672703247,W-2,P-18,1673122580
279,3.86,1673505619,W-2,P-4,1673266633
280,83.02,1673227410,W-6,P-6,1672904381
281,81.68,1672802254,W-8,P-1,1672888205
282,5.6,1673508503,W-3,P-12,1672795533
283,64.85,1673366431,W-8,P-13,1672706193
284,48.59,1673170596,W-8,P-19,1673380252
285,16.62,1672693400,W-10,P-10,1673347220
286,46.06,1673446248,W-4,P-14,1673458904
287,44.89,1673366452,W-10,P-1,1672782273
288,33.29,1672586230,W-7,P-12,1672833149
289,76.91,1673411005,W-2,P-17,1673272112
290,48.07,1673380946,W-7,P-14,1672994264
291,44.97,1673526973,W-4,P-8,1673023685
292,85.04,1673108451,W-4,P-5,1673226356
293,70.1,1673276218,W-8,P-13,1672889505
294,90.42,1672781629,W-7,P-7,1672788883
295,69.79,1672738200,W-4,P-18,1673283485
296,14.47,1673434425,W-3,P-6,1673305192
297,24.78,1673258579,W-9,P-4,1672685717
298,63.9,1672719020,W-1,P-17,1672995715
299,17.64,1672978964,W-10,P-13,1673385922
300,46.19,1673326037,W-6,P-18,1673488365
301,71.45,1673333739,W-1,P-16,1673471671
302,33.99,1673485743,W-7,P-7,1673033934
303,40.08,1673337093,W-9,P-6,1672942647
304,7.55,1672664264,W-4,P-10,1672814161
305,3.85,1672703219,W-9,P-13,1673276951
306,12.91,1672847135,W-10,P-9,1673011094
307,24.38,1673475508,W-9,P-14,1672955485
308,32.95,1672536949,W-7,P-8,1673366888
309,45.51,1672579681,W-3,P-9,1673161933
310,63.51,1672640429,W-5,P-19,1673496960
311,81.27,1673277442,W-8,P-5,1672678754
312,82.07,1672678663,W-7,P-6,1673267451
313,43.38,1672583582,W-7,P-14,1672578132
314,18.4,1672713610,W-7,P-16,1672625341
315,3.88,1673173562,W-7,P-20,1672757393
316,4.79,1672725356,W-10,P-10,1673390770
317,21.71,1672864316,W-9,P-7,1673506172
318,4.02,1673440968,W-9,P-9,1672547751
319,14.62,1673327643,W-3,P-20,1673264594
320,30.01,1672541910,W-6,P-8,1672644869
321,77.11,1672698488,W-4,P-8,1672653758
322,80.31,1673347032,W-1,P-11,1673019380
323,17.32,1673347583,W-4,P-15,1673112683
324,5.22,1673145377,W-1,P-20,1672734940
325,50.1,1673157165,W-3,P-7,1673194923
326,45.27,1672660325,W-5,P-13,1672708446
327,45.61,1672577676,W-10,P-2,1672755168
328,78.02,1672857679,W-1,P-17,1672646743
329,40.71,1672914438,W-4,P-9,1673208780
330,76.19,1672949153,W-2,P-6,1672691706
331,52.17,1673363059,W-10,P-1,1672541410
332,10.44,1672761849,W-8,P-1,1673129224
333,72.09,1672829016,W-9,P-18,1672655135
334,12.57,1673032333,W-10,P-9,1672795879
335,40.15,1672714463,W-8,P-9,1673218655
336,22.49,1673104453,W-6,P-16,1672923119
337,30.39,1672789246,W-3,P-19,1672903450
338,78.58,1672619072,W-3,P-2,1672918702
339,44.45,1672716817,W-1,P-20,1673446776
340,97.38,1672877759,W-4,P-8,1672706822
341,56.37,1673170849,W-4,P-18,1673101885
342,33.61,1673162378,W-3,P-19,1673405695
343,78.48,1673365219,W-3,P-3,1672864960
344,52.05,1673181608,W-2,P-1,1673157797
345,30.92,1673352343,W-9,P-7,1672603988
346,26.99,1673216068,W-8,P-11,1672858463
347,65.37,1673070087,W-2,P-8,1673146177
348,16.16,1673030664,W-4,P-17,1672627972
349,95.81,1672727317,W-8,P-15,1673494621
350,25.22,1673264709,W-5,P-19,1672978186
351,89.24,1673354416,W-3,P-8,1673276259
352,36.71,1673072374,W-3,P-12,1672978549
353,80.19,1672909187,W-9,P-3,1673330130
354,14.29,1672758011,W-4,P-5,1673528981
355,55.1,1673282686,W-9,P-6,1673242426
356,70.92,1672955321,W-5,P-7,1673088812
357,63.63,1672757562,W-10,P-17,1672860612
358,47.46,1673074190,W-1,P-20,1673291163
359,5.91,1673048176,W-6,P-4,1673391479
360,73.16,1672673253,W-6,P-3,1673480518
361,20.07,1672867667,W-8,P-20,1673091958
362,74.92,1672545991,W-5,P-5,1673013569
363,10.09,1673070171,W-9,P-13,1672941566
364,55.56,1672704822,W-6,P-10,1672630208
365,46.51,1673439592,W-9,P-7,1673215571
366,64.59,1672860575,W-5,P-16,1673104379
367,48.12,1673002501,W-4,P-7,1672588626
368,31.75,1673286117,W-10,P-1,1673167172
369,16.31,1672556288,W-1,P-19,1673453249
370,15.69,1672952046,W-7,P-9,1672969623
371,91.8,1673165544,W-8,P-8,1673007633
372,18.9,1673316447,W-8,P-7,1672998116
373,90.55,1673277967,W-5,P-6,1673248708
374,15.49,1673481702,W-2,P-7,1673411371
375,35.16,1673460470,W-10,P-15,1673380702
376,39.66,1672754369,W-8,P-20,1673451861
377,33.3,1672546244,W-1,P-2,1672571444
378,84.57,1672655180,W-7,P-20,1672805920
379,69.17,1673428662,W-3,P-12,1673247790
380,52.99,1672797560,W-3,P-14,1672688483
381,12.52,1673235527,W-5,P-15,1673304159
382,18.55,1672733790,W-5,P-20,1672930220
383,91.66,1673110901,W-7,P-18,1672707328
384,28.02,1672806635,W-8,P-4,1672643034
385,49.85,1672959912,W-2,P-8,1672644490
386,69.94,1672968185,W-6,P-19,1672723206
387,32.3,1672717466,W-1,P-17,1672893330
388,59.59,1673419426,W-10,P-9,1673057313
389,36.18,1673442046,W-8,P-15,1673135974
390,82.39,1672692338,W-3,P-7,1673522317
391,87.57,1673292532,W-8,P-12,1672947008
392,78.5,1672610612,W-6,P-16,1673112106
393,85.19,1672777217,W-1,P-17,1672653971
394,78.89,1673286367,W-1,P-14,1672692828
395,7.33,1673089964,W-5,P-11,1672672866
396,73.56,1672727903,W-4,P-19,1673084771
397,57.85,1672917883,W-4,P-7,1672963581
398,97.23,1672660815,W-7,P-17,1673413348
399,63.96,1672703813,W-6,P-17,1672905983
400,29.15,1672896173,W-6,P-11,1672936016
401,70.99,1673133272,W-10,P-2,1673521063
402,93.56,1673442583,W-7,P-19,1673163032
403,62.5,1673098571,W-5,P-16,1672702081
404,14.02,1672601726,W-8,P-3,1673335852
405,49.14,1673486774,W-1,P-8,1672990704
406,89.85,1673477866,W-3,P-8,1673011789
407,67.54,1673194966,W-6,P-12,1672902805
408,70.69,1672807991,W-9,P-20,1673381806
409,90.89,1672903832,W-8,P-3,1673455614
410,36.37,1673216112,W-7,P-16,1672869965
411,44.86,1672542951,W-4,P-2,1673018263
412,55.27,1673344519,W-7,P-12,1673367616
413,55.48,1673328392,W-1,P-6,1673493291
414,50.7,1673321750,W-6,P-13,1672943916
415,91.15,1673189248,W-10,P-5,1672768504
416,76.69,1672604642,W-6,P-14,1672740567
417,64.8,1672999757,W-4,P-16,1673016526
418,47.38,1672933436,W-4,P-14,1673481161
419,64.36,1673300110,W-4,P-5,1672595291
420,63.5,1673099502,W-5,P-3,1673067080
421,93.36,1673103503,W-4,P-20,1673278838
422,68.04,1673351832,W-10,P-20,1672587443
423,73.59,1672771961,W-8,P-2,1672873877
424,81.74,1673365491,W-8,P-9,1672728523
425,82.59,1672712760,W-10,P-17,1672579607
426,86.13,1673301840,W-8,P-5,1673395648
427,95.78,1672572499,W-6,P-8,1672648469
428,96.66,1672985389,W-2,P-9,1673198403
429,5.66,1672771769,W-5,P-6,1672897211
430,48.78,1673353626,W-3,P-19,1673342125
431,39.74,1673257601,W-7,P-5,1673005703
432,33.75,1672543113,W-2,P-8,1672695522
433,51.41,1672790335,W-8,P-17,1673341105
434,91.47,1672917522,W-9,P-10,1673002718
435,37.49,1672845033,W-7,P-1,1673037818
436,45.56,1673047334,W-7,P-12,1673280734
437,85.09,1672644488,W-2,P-14,1673013533
438,68.55,1672763311,W-3,P-17,1673279503
439,54.47,1673083734,W-3,P-17,1673011055
440,36.92,1672885471,W-7,P-6,1673063588
441,45.71,1673484961,W-7,P-10,1673442009
442,1.96,1673000018,W-8,P-2,1673528528
443,1.59,1673048404,W-6,P-9,1673034395
444,31.65,1673114807,W-2,P-13,1672794104
445,32.77,1672621566,W-10,P-20,1673057940
446,12.69,1672859174,W-5,P-2,1672938233
447,75.58,1673154183,W-4,P-5,1672626318
448,7.33,1673517052,W-6,P-9,1673360336
449,29.93,1673279867,W-2,P-4,1673109492
450,20.82,1673343161,W-9,P-11,1672892071
451,49.84,1673508774,W-7,P-11,1673404967
452,9.1,1673237953,W-2,P-8,1673353667
453,1.77,1673497609,W-9,P-15,1672576260
454,31.23,1672584777,W-1,P-17,1673292423
455,42.72,1672872727,W-7,P-12,1673221464
456,54.98,1672717926,W-5,P-2,1672661872
457,93.69,1673472498,W-5,P-18,1673486494
458,15.57,1673380625,W-1,P-5,1673161462
459,45.97,1672690077,W-5,P-16,1673075218
460,87.25,1673315426,W-2,P-5,1672765866
461,41.65,1673133228,W-1,P-3,1672890290
462,37.2,1672639448,W-8,P-13,1673444874
463,89.94,1673369041,W-6,P-20,1673198249
464,37.43,1672821493,W-8,P-2,1673515588
465,86.65,1673042190,W-10,P-13,1673046526
466,36.4,1673437125,W-9,P-19,1672705587
467,45.37,1673294713,W-4,P-10,1673501067
468,7.23,1673372795,W-1,P-19,1673172432
469,32.31,1672751581,W-5,P-19,1673020914
470,83.08,1672891509,W-9,P-4,1672949823
471,59.35,1673123232,W-6,P-20,1673260888
472,31.48,1673303784,W-1,P-12,1673130960
473,46.91,1673114384,W-2,P-12,1673479445
474,9.04,1673071446,W-3,P-12,1672591663
475,54.35,1672590225,W-4,P-5,1673091089
476,91.29,1673206116,W-5,P-13,1672770284
477,65.51,1673452808,W-9,P-2,1673343663
478,97.65,1673536247,W-3,P-19,1673456918
479,21.61,1672867688,W-5,P-13,1673090976
480,35.67,1673512771,W-2,P-19,1673457841
481,6.69,1673256677,W-8,P-10,1673289997
482,5.94,1673139115,W-1,P-2,1673346039
483,96.72,1672963976,W-6,P-8,1672703080
484,79.84,1672967001,W-2,P-12,1673231782
485,63.66,1673284746,W-3,P-6,1673041583
486,9.93,1673287535,W-1,P-17,1672808052
487,38.5,1672826834,W-5,P-3,1672918245
488,54.65,1672693670,W-6,P-4,1672619273
489,8.18,1673474651,W-9,P-1,1673384596
490,59.42,1673467665,W-8,P-17,1673048396
491,55.74,1672724316,W-5,P-16,1672857436
492,2.31,1672806526,W-3,P-19,1672683198
493,58.06,1673461240,W-8,P-11,1673049035
494,28.42,1672999104,W-4,P-4,1672786640
495,85.88,1673275042,W-3,P-15,1673030427
496,82.19,1673399707,W-10,P-17,1672535645
497,69.31,1672726633,W-10,P-3,1673286149
498,51.63,1673076893,W-8,P-6,1673209271
499,15.55,1672671172,W-8,P-7,1672743595
500,89.08,1672929780,W-2,P-6,1673000947
501,84.77,1672878753,W-7,P-17,1673522527
502,65.57,1673525522,W-10,P-20,1673172926
503,81.65,1673033738,W-1,P-1,1673292932
504,38.86,1672974323,W-10,P-8,1673293508
505,40.02,1673496174,W-8,P-12,1672644235
506,32.43,1673505098,W-5,P-11,1672573496
507,43.49,1673513816,W-7,P-19,1673000676
508,74.88,1672768357,W-6,P-4,1673044548
509,7.34,1672610145,W-8,P-13,1672651820
510,57.97,1673441713,W-6,P-4,1673428938
511,60.51,1672556881,W-9,P-18,1673476622
512,44.25,1672639619,W-2,P-18,1673180204
513,99.83,1673016303,W-4,P-18,1673075417
514,46.28,1673406129,W-9,P-12,1672632869
515,76.49,1673529374,W-7,P-14,1673029364
516,74.24,1672952985,W-2,P-16,1672553863
517,77.21,1673460221,W-7,P-16,1672618314
518,78.52,1672872242,W-3,P-20,1672702382
519,75.59,1672931097,W-3,P-20,1673380569
520,4.89,1672967685,W-8,P-1,1672799924
521,96.74,1672730412,W-10,P-9,1672857525
522,62.9,1673478025,W-2,P-4,1672680728
523,85.89,1672614150,W-8,P-5,1673340455
524,38.83,1673205653,W-7,P-10,1672816480
525,28.36,1673152092,W-1,P-13,1673139551
526,61.1,1672927232,W-1,P-16,1673000986
527,16.12,1672653071,W-1,P-18,1673305798
528,97.2,1672999471,W-10,P-16,1672730647
529,85.56,1672681544,W-1,P-4,1672844557
530,34.14,1672857571,W-10,P-1,1672684601
531,29.25,1672836325,W-10,P-13,1672880361
532,70.02,1673409382,W-6,P-8,1673193852
533,90.16,1672542107,W-5,P-19,1672909754
534,73.76,1672591240,W-4,P-13,1672825231
535,43.37,1673335421,W-1,P-15,1673489642
536,80.65,1672777800,W-7,P-4,1673058777
537,66.86,1673512718,W-3,P-14,1673312266
538,42.82,1673302020,W-6,P-1,1673042802
539,85.1,1673023938,W-5,P-20,1672985499
540,50.4,1673266246,W-10,P-1,1673306117
541,33.94,1673418203,W-2,P-15,1673246615
542,34.68,1672817670,W-2,P-10,1673244154
543,47.61,1673374863,W-4,P-19,1672939091
544,83.66,1673144261,W-8,P-11,1673297396
545,38.4,1673046372,W-3,P-8,1673446111
546,1.2,1672584634,W-2,P-8,1673318292
547,87.14,1672856754,W-9,P-6,1672694216
548,17.42,1672829518,W-4,P-6,1673013205
549,29.54,1672823837,W-9,P-4,1672883005
550,17.41,1673437018,W-1,P-18,1673075622
551,18.67,1672956294,W-2,P-17,1673287930
552,50.62,1673316717,W-10,P-17,1672566918
553,58.06,1672842637,W-10,P-11,1672863158
554,47.86,1673326789,W-10,P-5,1673151845
555,67.91,1672632626,W-8,P-17,1672886257
556,51.29,1673050999,W-10,P-3,1673236190
557,39.89,1672993298,W-2,P-20,1673314987
558,68.02,1673011444,W-6,P-2,1673125256
559,14.55,1673408614,W-8,P-2,1673140202
560,17.6,1673524287,W-3,P-18,1672604669
561,40.98,1672721310,W-1,P-2,1672615679
562,2.01,1673065471,W-3,P-7,1672809298
563,25.01,1672699360,W-1,P-1,1673134759
564,13.93,1673149570,W-3,P-6,1672938571
565,93.08,1673096620,W-8,P-5,1673098673
566,43.27,1673525126,W-7,P-11,1673130609
567,73.72,1673291235,W-6,P-2,1672874156
568,37.82,1672945334,W-10,P-4,1672684330
569,89.92,1672864149,W-7,P-13,1673239689
570,51.94,1673223988,W-1,P-1,1672919732
571,10.26,1672758711,W-9,P-16,1673217200
572,90.73,1672572862,W-9,P-13,1672791280
573,27.54,1672556650,W-6,P-1,1673464918
574,81.75,1672848029,W-1,P-13,1673069224
575,67.25,1672869018,W-9,P-13,1672984947
576,72.62,1672891115,W-2,P-3,1673219068
577,76.89,1672558212,W-8,P-19,1673328233
578,17.72,1672993039,W-5,P-7,1673289118
579,9.21,1673039849,W-2,P-3,1673338863
580,56.92,1673298449,W-4,P-5,1672704505
581,54.99,1672758017,W-6,P-2,1673166647
582,83.15,1673502337,W-4,P-3,1673447700
583,60.4,1673238367,W-1,P-6,1673440936
584,71.6,1673505518,W-2,P-11,1672851640
585,1.95,1673072941,W-10,P-10,1673322520
586,98.76,1672968130,W-1,P-18,1672832448
587,81.6,1673149618,W-10,P-18,1673478310
588,96.21,1672864097,W-3,P-15,1673291873
589,55.73,1673034284,W-4,P-6,1673273033
590,64.77,1673066265,W-3,P-2,1673229381
591,74.85,1672744697,W-9,P-11,1672736151
592,45.1,1673308097,W-8,P-20,1673400592
593,54.18,1672920663,W-10,P-3,1672690246
594,61.33,1673235541,W-3,P-8,1672631795
595,58.56,1673015244,W-7,P-1,1672675672
596,76.73,1672734552,W-9,P-10,1673306645
597,66.76,1672822188,W-2,P-19,1673201914
598,51.61,1672564683,W-9,P-10,1673441285
599,70.5,1672930426,W-10,P-9,1673174743
600,74.64,1673390013,W-2,P-5,1672905430
601,87.21,1673039927,W-8,P-8,1673118919
602,51.51,1672839392,W-6,P-6,1672942942
603,48.94,1672926243,W-5,P-2,1673309113
604,35.13,1672952666,W-10,P-8,1673166062
605,83.0,1673379651,W-1,P-14,1672828930
606,18.12,1672652170,W-9,P-2,1673234037
607,78.08,1672596220,W-2,P-20,1673151169
608,53.26,1672871650,W-8,P-20,1672638582
609,89.54,1673010320,W-1,P-7,1673329951
610,14.34,1672710981,W-7,P-2,1673471730
611,47.31,1672986519,W-3,P-5,1673014517
612,38.97,1673429970,W-4,P-8,1672754727
613,25.02,1672696237,W-10,P-2,1672898332
614,97.63,1673508181,W-3,P-6,1673517554
615,88.79,1672838846,W-4,P-16,1673454144
616,46.89,1672637235,W-3,P-17,1673077508
617,26.54,1673148949,W-7,P-14,1673253314
618,70.12,1673324917,W-4,P-19,1672679844
619,45.25,1673175830,W-5,P-9,1673300553
620,9.26,1673340876,W-3,P-17,1672798297
621,23.45,1672589754,W-5,P-3,1672971064
622,79.39,1673017500,W-9,P-11,1673239148
623,52.77,1673169034,W-2,P-17,1672575626
624,95.92,1673155841,W-9,P-1,1672726392
625,59.89,1673144751,W-8,P-8,1672986630
626,84.91,1672689701,W-1,P-17,1673070674
627,7.86,1673326422,W-1,P-1,1672551954
628,46.29,1672909537,W-6,P-13,1673260933
629,25.19,1673237158,W-8,P-14,1672551429
630,36.24,1673391420,W-8,P-17,1673425782
631,45.85,1672846712,W-7,P-12,1673430506
632,87.48,1673300030,W-10,P-8,1673126234
633,63.68,1673390175,W-8,P-5,1672682001
634,76.35,1673319987,W-9,P-14,1672610660
635,23.68,1672639840,W-3,P-8,1672650804
636,87.53,1673025389,W-9,P-3,1673144157
637,39.27,1673174259,W-6,P-14,1672979957
638,91.2,1673146032,W-3,P-13,1673320443
639,25.46,1672826299,W-2,P-16,1673385845
640,34.16,1673106510,W-6,P-6,1673251500
641,15.53,1673228855,W-3,P-9,1672892589
642,19.41,1672696991,W-3,P-15,1673109785
643,45.66,1673422471,W-2,P-5,1673193955
644,47.13,1673083051,W-3,P-5,1672839260
645,21.13,1672895539,W-5,P-1,1673299040
646,36.1,1673353954,W-10,P-12,1672626105
647,9.14,1672759739,W-1,P-14,1673040603
648,23.74,1673474645,W-2,P-18,1673510531
649,1.28,1673029826,W-9,P-1,1672791188
650,18.89,1672920051,W-4,P-8,1673131086
651,45.6,1673101782,W-9,P-20,1673076422
652,67.18,1672736408,W-1,P-18,1673172301
653,30.21,1672948470,W-4,P-20,1673506552
654,42.9,1672702207,W-7,P-2,1672648387
655,47.57,1673521855,W-3,P-8,1673060583
656,2.41,1673175803,W-4,P-9,1672535366
657,41.76,1672932162,W-8,P-19,1672941338
658,9.96,1672760346,W-10,P-3,1673160426
659,9.32,1672726700,W-8,P-20,1673444398
660,74.75,1673008369,W-5,P-6,1672581553
661,35.73,1672612169,W-3,P-8,1672824501
662,24.59,1673092101,W-9,P-20,1673486793
663,14.15,1673123558,W-10,P-9,1673016787
664,83.46,1673154670,W-1,P-8,1672955850
665,69.2,1672775066,W-5,P-13,1673168607
666,39.93,1673260846,W-1,P-5,1673258185
667,93.44,1673391057,W-9,P-9,1672764538
668,2.54,1672642456,W-9,P-17,1672570464
669,27.4,1672585295,W-3,P-9,1672821568
670,1.95,1673303259,W-2,P-2,1672726701
671,85.62,1673254063,W-7,P-12,1672815111
672,18.06,1672817807,W-3,P-10,1673304666
673,66.96,1672835706,W-9,P-16,1673332771
674,28.54,1672832994,W-7,P-18,1672847473
675,39.34,1673055055,W-5,P-6,1672936714
676,69.07,1672930727,W-8,P-6,1673052149
677,2.23,1673460858,W-3,P-10,1672845795
678,61.85,1673465239,W-3,P-11,1673094618
679,80.57,1673384489,W-2,P-9,1672985924
680,80.32,1673156681,W-5,P-13,1672548126
681,84.69,1673052136,W-9,P-1,1673216919
682,97.84,1672874024,W-3,P-4,1673266640
683,15.79,1673066253,W-9,P-8,1673255512
684,39.99,1672909977,W-4,P-17,1672904027
685,20.51,1672794573,W-4,P-4,1672671008
686,31.4,1672876299,W-5,P-4,1672899942
687,54.67,1673530735,W-4,P-3,1673079701
688,17.44,1673422533,W-3,P-9,1673267548
689,59.78,1672730467,W-3,P-18,1673344445
690,98.36,1672670851,W-3,P-12,1673252136
691,39.87,1672942899,W-5,P-6,1673492399
692,32.56,1673111732,W-4,P-16,1673146522
693,66.18,1673522652,W-1,P-4,1672639609
694,15.81,1673300407,W-4,P-14,1672911913
695,51.7,1672817045,W-5,P-10,1673049339
696,44.69,1673231201,W-2,P-17,1673511115
697,44.31,1672555192,W-8,P-5,1673315174
698,19.74,1673438387,W-1,P-12,1673310068
699,63.19,1672869369,W-4,P-9,1673349957
700,41.51,1673053945,W-3,P-15,1672890345
701,87.12,1673297489,W-2,P-16,1673416108
702,39.29,1673220942,W-10,P-2,1672573869
703,41.48,1672612522,W-5,P-8,1673512053
704,34.66,1672951283,W-3,P-3,1672534754
705,72.39,1672585767,W-6,P-7,1672993338
706,7.33,1672579009,W-3,P-19,1672665674
707,21.73,1672768802,W-9,P-8,1673259785
708,34.95,1673537405,W-3,P-20,1672714798
709,17.26,1673460436,W-1,P-6,1672579378
710,16.75,1672912926,W-9,P-7,1672618518
711,89.11,1672976000,W-6,P-3,1672967362
712,35.02,1673279551,W-6,P-15,1673126931
713,65.28,1672936323,W-2,P-15,1672735089
714,94.52,1673450666,W-8,P-12,1672556545
715,72.63,1673303244,W-1,P-18,1673332406
716,14.18,1672962377,W-1,P-20,1673108921
717,72.73,1673171088,W-2,P-10,1673087336
718,4.66,1673386275,W-2,P-17,1673282553
719,97.31,1673501726,W-1,P-6,1672876992
720,82.19,1672995014,W-4,P-12,1673339383
721,22.19,1673338018,W-8,P-2,1672815238
722,45.81,1672773519,W-5,P-12,1673151925
723,67.13,1672807508,W-8,P-6,1673304676
724,41.83,1673536138,W-6,P-17,1673223118
725,19.47,1672907429,W-5,P-8,1673509127
726,76.5,1673231353,W-6,P-4,1673457813
727,14.46,1672843960,W-5,P-2,1673529654
728,11.54,1673000417,W-2,P-1,1673150186
729,39.87,1673080392,W-2,P-16,1673308068
730,16.23,1673047982,W-2,P-18,1673472861
731,57.24,1672622976,W-1,P-12,1673325210
732,36.2,1673397734,W-5,P-8,1672828196
733,39.52,1673352927,W-8,P-13,1672934293
734,16.22,1673490633,W-1,P-15,1672914150
735,37.38,1673419747,W-5,P-20,1672765323
736,32.19,1673264848,W-2,P-4,1673404265
737,58.0,1672953709,W-2,P-5,1672918648
738,69.18,1672614272,W-4,P-12,1673448692
739,72.73,1673091178,W-7,P-9,1673480972
740,8.99,1672892067,W-2,P-3,1673106393
741,93.13,1673513607,W-5,P-16,1673011594
742,19.16,1673249079,W-1,P-16,1673235394
743,24.87,1672544493,W-4,P-13,1673518240
744,48.95,1673112517,W-4,P-13,1672663650
745,33.73,1672917472,W-5,P-15,1673067176
746,67.77,1673503322,W-7,P-5,1672743049
747,90.87,1672636212,W-7,P-19,1673349337
748,97.12,1673125364,W-9,P-15,1672778386
749,25.09,1672600868,W-3,P-20,1672747177
750,78.61,1673281473,W-7,P-1,1672925218
751,64.07,1673301884,W-3,P-16,1672714689
752,33.93,1672618887,W-8,P-12,1673242706
753,36.41,1672597569,W-5,P-12,1673400987
754,27.71,1672745758,W-4,P-12,1672618047
755,76.67,1672565564,W-8,P-5,1673006011
756,18.18,1673483862,W-2,P-11,1672631962
757,40.16,1672571565,W-1,P-1,1672753203
758,12.65,1672759167,W-10,P-18,1673266782
759,31.69,1673332514,W-1,P-11,1673328519
760,92.48,1672720134,W-4,P-4,1672844452
761,11.99,1673089905,W-7,P-15,1672784579
762,30.82,1673136946,W-10,P-13,1672898776
763,63.24,1673301362,W-2,P-12,1672802090
764,79.4,1672617454,W-6,P-10,1673255218
765,29.11,1672593991,W-9,P-14,1673051256
766,10.36,1673145134,W-8,P-15,1672789760
767,25.68,1673073166,W-8,P-8,1672722769
768,53.9,1673532010,W-2,P-10,1673213828
769,76.37,1672549233,W-4,P-14,1672772469
770,4.14,1673411093,W-8,P-18,1672870889
771,3.21,1672789896,W-8,P-6,1673421562
772,18.07,1673320094,W-10,P-20,1672986041
773,71.72,1672770472,W-10,P-8,1673252886
774,90.9,1672796941,W-6,P-5,1673425818
775,57.17,1672740953,W-4,P-4,1673489035
776,91.35,1673060502,W-4,P-3,1673263384
777,18.61,1673040365,W-9,P-7,1673295305
778,83.5,1673082700,W-10,P-5,1672591811
779,29.17,1673433804,W-7,P-12,1673247300
780,21.5,1672701094,W-3,P-18,1673091416
781,71.79,1672854010,W-5,P-20,1672824905
782,90.97,1672792062,W-10,P-16,1673378670
783,54.33,1673064818,W-7,P-4,1672967856
784,5.99,1673283523,W-6,P-5,1672576052
785,29.93,1672910592,W-1,P-16,1673343038
786,8.28,1673204206,W-8,P-2,1673479655
787,36.69,1673222115,W-5,P-1,1672902608
788,16.74,1672917795,W-8,P-17,1673503950
789,45.39,1672942308,W-2,P-10,1673327398
790,2.74,1673034138,W-6,P-14,1673115122
791,4.68,1673107049,W-5,P-6,1673292788
792,76.0,1672573380,W-6,P-11,1673157541
793,72.42,1672870823,W-10,P-5,1672572408
794,10.43,1672798344,W-7,P-17,1672719359
795,95.99,1672641167,W-2,P-1,1673081971
796,21.78,1672832767,W-8,P-16,1673509272
797,17.05,1673018373,W-5,P-15,1672542852
798,31.5,1672760052,W-8,P-19,1672954588
799,21.1,1673161098,W-8,P-2,1672585593
800,81.2,1673461886,W-7,P-9,1673243180
801,37.0,1673308586,W-3,P-8,1672890396
802,69.71,1673468255,W-9,P-6,1673256990
803,64.63,1673233817,W-10,P-16,1673303814
804,11.54,1672731438,W-3,P-18,1672721192
805,89.98,1672982194,W-3,P-5,1673393703
806,95.02,1672930836,W-2,P-7,1673297155
807,44.01,1673077051,W-3,P-18,1673323399
808,93.12,1673442444,W-5,P-5,1672638123
809,90.47,1672609746,W-2,P-5,1672652916
810,38.91,1673085955,W-2,P-4,1672807845
811,61.99,1672815859,W-2,P-11,1672915554
812,81.28,1672783652,W-4,P-19,1673394143
813,36.24,1672963350,W-4,P-1,1672945907
814,33.82,1672614725,W-1,P-12,1673368835
815,8.68,1673341501,W-1,P-19,1672803696
816,16.82,1672558408,W-7,P-15,1673432545
817,74.82,1673503507,W-9,P-11,1672746239
818,79.78,1673182280,W-6,P-20,1672621378
819,34.03,1673132623,W-8,P-3,1672864259
820,57.95,1673452087,W-2,P-20,1673234442
821,49.73,1672793615,W-10,P-18,1672610077
822,64.41,1672962037,W-6,P-2,1673307096
823,75.35,1673484519,W-6,P-7,1673359561
824,45.3,1673501201,W-5,P-8,1672720093
825,65.31,1672884143,W-3,P-12,1673203330
826,6.06,1673485428,W-4,P-7,1672616735
827,94.77,1673057081,W-1,P-11,1672627083
828,88.75,1673420203,W-3,P-6,1672786404
829,27.76,1672705939,W-7,P-14,1672995026
830,87.0,1672792604,W-3,P-17,1673084754
831,78.26,1672791019,W-8,P-12,1673458961
832,27.32,1672875354,W-7,P-8,1673499953
833,80.17,1673233215,W-4,P-11,1672766902
834,19.97,1673172428,W-5,P-14,1673063627
835,32.59,1672633925,W-4,P-13,1673458845
836,63.01,1672995746,W-2,P-4,1672682301
837,52.69,1672608199,W-1,P-13,1673215686
838,15.59,1673260303,W-10,P-3,1672610080
839,40.4,1672882711,W-5,P-16,1673050261
840,42.96,1673279499,W-3,P-2,1673401929
841,86.66,1672733285,W-5,P-17,1672975972
842,12.92,1672857631,W-7,P-1,1672940895
843,89.4,1673441131,W-10,P-18,1672928258
844,48.47,1672659427,W-9,P-17,1672819426
845,74.27,1672727368,W-6,P-15,1672995771
846,66.06,1672563166,W-7,P-13,1672874753
847,86.3,1673360594,W-9,P-6,1673199903
848,38.47,1673271503,W-10,P-17,1672884225
849,4.44,1673226622,W-6,P-6,1672999436
850,43.49,1673077754,W-5,P-18,1673219294
851,70.97,1673256928,W-6,P-5,1672760357
852,60.55,1673063013,W-10,P-1,1673212069
853,28.94,1673030883,W-9,P-3,1672564923
854,31.39,1672695136,W-2,P-8,1673184535
855,70.44,1672616877,W-5,P-4,1673483592
856,96.14,1673298054,W-9,P-11,1673415301
857,80.33,1673458424,W-9,P-12,1672803047
858,51.06,1673016555,W-1,P-17,1672951724
859,66.52,1672901104,W-7,P-13,1672855120
860,26.64,1673159917,W-4,P-6,1673236176
861,41.32,1673069386,W-1,P-2,1673528459
862,14.71,1672811859,W-8,P-13,1672963916
863,96.34,1673342969,W-5,P-8,1673470206
864,44.7,1673442199,W-5,P-12,1672589320
865,44.09,1673097048,W-3,P-19,1673411350
866,60.86,1672627311,W-7,P-11,1672683637
867,40.88,1672916174,W-7,P-12,1672952722
868,22.2,1673169257,W-4,P-15,1672889844
869,40.63,1673200163,W-7,P-20,1672750824
870,79.86,1672719951,W-5,P-7,1673197768
871,72.37,1672612189,W-5,P-12,1673082055
872,39.61,1672891815,W-9,P-19,1672883700
873,91.03,1673201903,W-9,P-15,1672648227
874,53.52,1672790580,W-3,P-15,1672743796
875,79.14,1672798716,W-2,P-2,1673467233
876,54.48,1673467766,W-10,P-4,1673385927
877,82.09,1672795488,W-4,P-14,1672742569
878,62.4,1673172760,W-10,P-19,1673441919
879,2.99,1672620102,W-7,P-6,1672770013
880,20.24,1672628692,W-9,P-6,1673023590
881,4.05,1673444458,W-5,P-18,1673271168
882,61.05,1672633660,W-5,P-13,1672652015
883,64.68,1673014764,W-9,P-15,1672614881
884,87.81,1673314552,W-1,P-17,1673153603
885,2.12,1672607809,W-3,P-13,1672790248
886,73.14,1673471318,W-9,P-4,1672698199
887,86.35,1673171396,W-7,P-6,1672810808
888,71.18,1673477199,W-9,P-17,1673448080
889,55.4,1672571443,W-10,P-3,1673304422
890,85.85,1672892053,W-8,P-16,1673153025
891,26.64,1673100471,W-1,P-11,1673286660
892,43.2,1673119953,W-7,P-6,1673474962
893,93.94,1672896554,W-1,P-17,1672621058
894,38.58,1672760499,W-2,P-12,1672846421
895,89.38,1673222767,W-3,P-15,1672759682
896,29.97,1673319791,W-5,P-13,1672971742
897,26.23,1673233108,W-4,P-1,1673040876
898,12.73,1672653929,W-3,P-2,1672656534
899,1.07,1672820941,W-5,P-11,1672785969
900,36.08,1673438793,W-6,P-3,1673210458
901,83.11,1672647007,W-7,P-4,1673258199
902,64.97,1673106748,W-10,P-17,1673087411
903,76.88,1672800545,W-9,P-7,1673177591
904,83.3,1672558514,W-1,P-3,1672685712
905,59.69,1672755831,W-10,P-10,1673117084
906,76.39,1673073322,W-3,P-16,1673216724
907,73.24,1673495325,W-2,P-20,1672889549
908,95.47,1672957151,W-10,P-8,1673452640
909,36.14,1672790481,W-7,P-4,1672952673
910,56.94,1672576418,W-2,P-6,1672646544
911,65.19,1672777641,W-2,P-10,1673237455
912,34.36,1672866896,W-8,P-19,1672874951
913,87.11,1673073109,W-2,P-20,1673232532
914,10.15,1673400058,W-5,P-4,1673296956
915,58.74,1672731483,W-1,P-14,1672699083
916,53.8,1672711165,W-8,P-1,1673392399
917,71.2,1672712781,W-8,P-8,1673480405
918,63.78,1673180596,W-3,P-1,1672902389
919,51.64,1672635181,W-2,P-8,1672632563
920,24.94,1673472134,W-9,P-12,1672625690
921,19.0,1672699098,W-2,P-7,1673501324
922,58.84,1673207291,W-4,P-14,1672567309
923,13.32,1672819814,W-2,P-8,1672623062
924,71.58,1672573578,W-8,P-1,1673392686
925,23.18,1673204790,W-1,P-10,1673273820
926,45.5,1672682902,W-6,P-13,1673383547
927,22.41,1673306403,W-8,P-3,1673067682
928,57.06,1673487989,W-6,P-2,1672647596
929,92.63,1673415874,W-5,P-4,1672929401
930,43.44,1673217261,W-6,P-11,1673321823
931,13.32,1673276064,W-3,P-15,1673528292
932,42.42,1673223453,W-9,P-17,1672633870
933,83.8,1672957447,W-2,P-2,1673286248
934,19.26,1673452251,W-2,P-13,1673493635
935,45.17,1672798558,W-3,P-13,1672588629
936,55.82,1672964447,W-4,P-8,1673531050
937,35.36,1672542029,W-4,P-13,1672906370
938,33.1,1673239228,W-7,P-11,1673258751
939,60.78,1673441653,W-7,P-10,1673206958
940,38.63,1673049169,W-5,P-12,1673030080
941,87.09,1673091979,W-5,P-3,1673456579
942,78.83,1672572663,W-3,P-10,1672749184
943,60.02,1673210039,W-2,P-5,1673198595
944,5.83,1673087468,W-6,P-3,1672951251
945,61.55,1673286540,W-5,P-14,1672936478
946,66.07,1673028322,W-4,P-9,1673316141
947,24.72,1672690641,W-2,P-3,1673289846
948,33.51,1672765963,W-6,P-15,1672729110
949,35.48,1672943111,W-8,P-3,1672640755
950,20.29,1673349950,W-6,P-18,1673204333
951,88.57,1672748414,W-9,P-20,1673518303
952,10.09,1673372781,W-10,P-10,1673437724
953,32.27,1673355679,W-6,P-13,1673192243
954,42.22,1672842375,W-6,P-19,1673410353
955,5.07,1673380861,W-10,P-18,1672924813
956,72.86,1672956026,W-9,P-19,1673392352
957,57.1,1673395455,W-10,P-14,1672872916
958,77.38,1673351802,W-5,P-15,1672821706
959,87.68,1673036337,W-2,P-2,1673326625
960,83.04,1672903494,W-9,P-16,1673020403
961,45.28,1673457610,W-5,P-7,1673329457
962,61.29,1672743460,W-4,P-18,1673256410
963,61.23,1673224124,W-6,P-8,1672532181
964,89.83,1673386728,W-3,P-12,1673273823
965,62.74,1673396149,W-3,P-3,1673418845
966,16.26,1673059615,W-4,P-4,1672830148
967,52.38,1673459065,W-3,P-15,1672826364
968,69.24,1673095704,W-10,P-10,1672658235
969,19.28,1672918747,W-8,P-18,1673417628
970,94.21,1673003872,W-10,P-14,1673080173
971,34.95,1673384467,W-5,P-5,1673018238
972,93.98,1673287648,W-7,P-1,1672618250
973,74.61,1672744815,W-8,P-8,1672864060
974,13.1,1672555313,W-6,P-12,1673041372
975,6.67,1672638516,W-5,P-13,1673222832
976,94.91,1672574896,W-6,P-8,1672666764
977,20.1,1672758863,W-5,P-7,1672934862
978,81.15,1672630045,W-3,P-11,1673405769
979,9.87,1673401488,W-2,P-15,1673246316
980,31.35,1673134986,W-8,P-14,1673457513
981,11.55,1672899238,W-8,P-15,1673036748
982,75.64,1672626471,W-3,P-4,1673530692
983,29.92,1673245163,W-2,P-19,1672853905
984,44.3,1673204069,W-8,P-7,1673317983
985,74.13,1672911762,W-5,P-10,1672835831
986,13.4,1672863730,W-7,P-15,1672947643
987,65.32,1672873998,W-4,P-8,1673236464
988,20.89,1673504069,W-1,P-5,1673089199
989,90.84,1672805203,W-8,P-17,1672715017
990,37.64,1672903693,W-3,P-5,1673230291
991,78.56,1672896338,W-5,P-4,1673104547
992,1.5,1673267434,W-10,P-1,1672693472
993,48.74,1673026863,W-3,P-20,1672613840
994,51.49,1672831724,W-2,P-1,1672736955
995,25.87,1673533392,W-3,P-7,1672908316
996,88.68,1672940698,W-3,P-19,1673066269
997,37.42,1672803596,W-1,P-17,1672626599
998,77.44,1673363571,W-3,P-6,1672683478
999,56.56,1672671929,W-4,P-7,1673299998
1000,4.79,1672944766,W-1,P-4,1673066149
